,A,B,C,D
2000-01-01,1.5068556384481215,-0.3296260745989104,0.2048566306378379,-2.0232398480460234
2000-01-02,2.7263967831172575,-0.22986975229860795,-1.6156799198016545,-2.247682094237792
2000-01-03,2.95879625229513,-1.0500752555483068,-1.5293565888619847,-2.978633351849588
2000-01-04,1.620905992628408,-0.345878105260949,0.21779322743078078,-2.057218128343155
2000-01-05,1.181675027335661,-0.828684058123209,-1.7371230034953884,-3.4665539925841267
2000-01-06,2.8190108678118433,-1.4060121398118604,-3.16541258951332,-4.247993989830409
2000-01-07,3.614627104753331,-2.2920224697425207,-3.7899201096259065,-5.668761923304606
2000-01-08,2.7093548971632746,-2.050799096274096,-2.6980673924807936,-7.409940604062378
2000-01-09,2.4431853282282483,-1.695484894576426,-3.004037287724672,-8.572507762941402
2000-01-10,2.657266418778734,1.5698660132854816,-1.8845071118019894,-8.453800594179812
2000-01-11,1.1839013288599616,1.9079938788737403,-1.1125343587888374,-5.149404089779105
2000-01-12,0.9802602100379306,2.7198905958752944,-1.5308826150200692,-4.8311813020167
2000-01-13,0.1807786190777202,1.0914578951584086,-0.8606278406038887,-5.545334587859477
2000-01-14,-1.3662671601889835,1.516272327077724,0.43544432197715865,-7.63489054790378
2000-01-15,-1.769735906590611,1.0337803690748513,1.3431783506004003,-6.50717949117895
2000-01-16,-1.8585720668440595,-1.6220878121418663,1.94559961700056,-7.694070309918289
2000-01-17,-1.15318096733986,-2.2296456305726395,3.089892805309264,-6.942667913973567
2000-01-18,-0.7368471104699212,-2.130519061751477,1.2154968962943997,-5.428067946853522
2000-01-19,-2.596060641933282,-1.575034727907414,2.3624769575564777,-3.3252456492076994
2000-01-20,-3.3315796236293918,-2.072509525527341,1.1930546500739954,-3.3595290612202655
2000-01-21,-3.546571722464344,-2.099012162218325,0.26017270921638747,-2.34379072273165
2000-01-22,-4.408749016846081,-1.8538999029762029,1.2820877153171277,-4.036099990854213
2000-01-23,-5.340205080056526,-2.00636251134238,1.7203213492864617,-4.618309457378961
2000-01-24,-5.5333004678599895,-0.7938541996693917,1.611188716932028,-5.652096137681595
2000-01-25,-7.258101642877703,-0.4540697869970022,0.1274912275497373,-4.878000987403061
2000-01-26,-7.308623561630706,-2.0491124278570467,-0.16125745332112007,-5.826496645373917
2000-01-27,-5.727423078644134,-3.317290919670363,-0.5851939037979013,-6.789493627016459
2000-01-28,-6.24576897615181,-3.0288284650325874,-0.9175696744263885,-5.812348914552996
2000-01-29,-6.565429539032564,-3.1921035232202435,-3.5591798450308874,-5.920607774967135
2000-01-30,-7.35095342354672,-3.3152755830053824,-3.6920869962835874,-5.437224449268832
2000-01-31,-6.3725674564767605,-3.0885271987177565,-3.5365031911758624,-6.912630461124849
2000-02-01,-5.648811490479902,-2.7801456220215615,-3.1837694376882646,-7.632482728290309
2000-02-02,-6.911453911441187,-1.9724149628618792,-2.4937942385961813,-7.8182721019544426
2000-02-03,-7.137163518036291,-1.1802712273185416,-0.5293172371228487,-7.580793416581819
2000-02-04,-7.223450628827098,-1.7506485520632742,-1.1147427755732902,-6.535879798882665
2000-02-05,-7.366374209367599,-0.6778492876498097,-0.3282242743123085,-7.253986302957818
2000-02-06,-7.6711231950927266,-1.3749561455809975,0.3185764689115278,-8.407147304685772
2000-02-07,-7.865944903426146,-0.4883392441294424,1.8668974991531222,-6.265824633562043
2000-02-08,-8.497109848933995,-0.5113349576995024,2.71302055050808,-4.409278775369962
2000-02-09,-9.176902032063607,-0.3168874371252568,2.2953209781693427,-4.671159805135212
2000-02-10,-8.816435712480269,1.4497618585853116,3.003278786556484,-4.9915282029371735
2000-02-11,-8.700382136213493,1.6920329921298003,1.859854116105646,-3.8823178038007065
2000-02-12,-8.14874633524947,2.700979622213781,2.0437152153123206,-4.693869041339977
2000-02-13,-5.902020531335157,3.730022041847029,1.2777681228815512,-5.625795517634605
2000-02-14,-6.265630354491968,3.461161695110997,1.7881033942133708,-6.212611137525387
2000-02-15,-6.663860215663907,3.531620836850325,0.5067860567872415,-8.728930406095614
2000-02-16,-6.297820354157345,2.73240962551384,0.7036649275104259,-8.569814297007081
2000-02-17,-5.829734136817088,2.4871244405982047,0.884818764644379,-8.970591282069204
2000-02-18,-5.23614626232974,2.8119204404687976,1.5311656710844508,-8.516624382163283
2000-02-19,-6.039801005200185,4.337462806556093,-1.0013870914777794,-7.729460334731621
2000-02-20,-5.212994055396831,4.720233279918659,-0.8175005602331188,-8.552481645447688
2000-02-21,-4.285643032709,4.153387716705716,-0.2387072484978583,-8.595275373319916
2000-02-22,-5.468090479936403,5.516822811627776,-0.6052395845014038,-9.570092563489926
2000-02-23,-6.2542868416729,4.669284154980249,0.40640976098833415,-9.275040743832022
2000-02-24,-4.654529135559433,5.490310974926994,0.012668354565516404,-8.522273002739913
2000-02-25,-6.697053355708972,6.395211037441746,0.5480914417900453,-9.347689340247234
2000-02-26,-7.4574996189544125,8.37209285979696,-0.9784476084546678,-8.417753756082531
2000-02-27,-6.767796242378818,7.955672354878192,-1.771139433680244,-8.5237913397814
2000-02-28,-8.158449906557482,8.38226068265578,-1.3137109701499143,-8.772405729400393
2000-02-29,-7.114609237948156,8.696705561134399,-1.8332413704478765,-9.246805716444596
2000-03-01,-7.413484433831622,9.254875362245196,-1.7889579907278332,-8.221827202531022
2000-03-02,-6.9188908431432194,9.565978771808062,-2.249067435546797,-9.661001924643209
2000-03-03,-5.162863365200245,9.702804066144378,-2.2246627033155777,-8.486117647189868
2000-03-04,-4.907471422456279,9.322573427522979,-1.3965267076374768,-8.41876248193402
2000-03-05,-3.8974032922218713,9.442694151362645,-1.4888048055209098,-7.343489895021973
2000-03-06,-5.0227569829526635,9.95254320140853,-1.6782096075107065,-6.751882367977192
2000-03-07,-4.210808401932308,10.64091843359031,-3.032602642450587,-6.227198884206158
2000-03-08,-4.842904546487175,10.251094816220073,-4.146943168062369,-8.18048182444973
2000-03-09,-4.925577572929488,9.366687389585051,-5.003687872164403,-8.44264390007114
2000-03-10,-5.3207392181903135,10.317517071955857,-5.586769242727348,-8.965186516498195
2000-03-11,-8.160563555222323,9.544251443813877,-5.519459644656745,-9.54777737910846
2000-03-12,-8.940932325388266,9.59254455357187,-5.808613070974504,-9.052102255294924
2000-03-13,-9.555353041478295,10.71399305361232,-6.6565223372517455,-9.373877312993729
2000-03-14,-9.691541766513593,9.647927248656986,-5.956421743424069,-11.100547100999394
2000-03-15,-10.329637785635452,10.316774820863786,-6.127372412343351,-11.75507491824271
2000-03-16,-13.04848129605891,10.37933346159694,-5.34567856284002,-12.3967776368208
2000-03-17,-11.47462152428264,9.939292344227274,-6.266321189969239,-14.378719360053532
2000-03-18,-13.034331931122722,10.507242673491382,-7.509309956378933,-14.731194812111521
2000-03-19,-12.699258312956399,10.27860510494564,-6.887860681007612,-15.429607373092303
2000-03-20,-13.678089917183447,9.184205500532688,-7.71907097359464,-15.339023596596155
2000-03-21,-16.511344056412728,7.321272134371325,-7.71536029631847,-14.080457005848588
2000-03-22,-15.403358617663592,7.478117476033681,-7.317363538724244,-15.028983382482338
2000-03-23,-15.057232180937703,8.446337648498806,-7.429925919388609,-14.742576397597382
2000-03-24,-14.954498929128725,6.569112053966338,-7.649973270637273,-15.41689269093103
2000-03-25,-16.46314535732658,6.484947302848347,-8.34351480621844,-15.89142375176366
2000-03-26,-16.30409687218544,7.6966897386007735,-7.560679210642045,-15.996180352047608
2000-03-27,-15.784790660598187,7.346393340325707,-7.172504358975901,-15.57929398300878
2000-03-28,-14.891039467817919,7.262004705727314,-6.09668865481471,-16.10259012339018
2000-03-29,-15.910379550314948,7.1939982034571015,-5.5555351766015875,-15.404360782727279
2000-03-30,-16.825809684535077,9.306249137410893,-4.451103793587001,-16.807965961441102
2000-03-31,-17.40047848188934,7.542880045836066,-5.031945587130535,-17.862332394883286
2000-04-01,-17.184853440489473,5.769123089928069,-4.720001618733577,-17.939553932472986
2000-04-02,-16.51864921365591,6.147370451998538,-3.837876040372672,-17.84226460282675
2000-04-03,-18.354404584059147,7.96176386841796,-2.3890365947637333,-18.42590929747691
2000-04-04,-18.744455053105195,5.317909151860119,-2.1036236225756553,-18.349780758298596
2000-04-05,-17.5995191330913,4.840568385354001,-0.9269883672993031,-19.456037002280787
2000-04-06,-19.948939524935376,3.496728741150616,-1.4900716703816381,-19.259738136076635
2000-04-07,-19.782228731899796,2.8816004780960096,-0.5619700861813322,-20.017247018256928
2000-04-08,-20.031245230729336,1.3681073419810563,-0.024118898143515533,-19.752146321521963
2000-04-09,-20.57232098696207,-0.6037946970774273,1.215194482026157,-18.643874765304886
2000-04-10,-20.35259234972929,-1.0691970291464559,2.356562295908355,-19.599599071832287
2000-04-11,-21.21327299501055,-1.278926870158518,2.0889917099645072,-19.65450269125313
2000-04-12,-22.023709390326417,-2.325612850815755,2.677186136552822,-20.3039995284054
2000-04-13,-21.929914484113947,-3.8452765614255933,3.4247575021090055,-20.470916493783342
2000-04-14,-22.41246014335974,-4.691171526385051,4.455712693783825,-20.98441618220306
2000-04-15,-23.699117458513474,-4.867620307211467,4.839328217776442,-21.32137568788869
2000-04-16,-24.18196545742205,-5.82011024049911,6.28673188961038,-22.000394347861725
2000-04-17,-24.29894783888213,-6.071564510138355,6.903996867852696,-22.76050425207872
2000-04-18,-24.917496590693386,-5.403956693530808,8.607848128527067,-22.941925231676706
2000-04-19,-25.337637894864685,-5.524470592135959,8.001118174661197,-21.211333403190682
2000-04-20,-25.91379142249623,-6.552972001727687,7.726977746090232,-21.157177312903976
2000-04-21,-25.576893615830972,-4.336339181039095,6.8004921531138445,-21.00947854998332
2000-04-22,-26.267800957701592,-4.564107836271348,5.98457331030777,-22.12388066137361
2000-04-23,-26.697324055861042,-4.668747228607622,5.650516885642445,-22.910236405750062
2000-04-24,-25.96110952770673,-4.900489512656609,6.302992736373681,-23.754018257623645
2000-04-25,-28.54969205644244,-6.413764275838517,5.057508744413083,-22.541893113066276
2000-04-26,-29.261534182467717,-6.270863946672922,6.480397061083497,-22.98082666206922
2000-04-27,-28.531134906915398,-5.720607622601697,4.956217895663294,-22.828170138192704
2000-04-28,-29.651076061121827,-6.9204052138040915,5.898959210124095,-22.733505698080567
2000-04-29,-29.476433600054712,-6.6407264041297065,3.1643420316259467,-21.827712403494107
2000-04-30,-28.97456442109717,-7.211646076993617,2.0783084671232563,-20.704539422900623
2000-05-01,-30.170582678604397,-6.340161378822973,2.22975370275676,-18.99584298683967
2000-05-02,-31.28939490132828,-5.164627916610282,2.5986783251050967,-19.07242701437928
2000-05-03,-30.752766903069183,-4.664020892489815,3.5722759043750223,-19.24520574784805
2000-05-04,-30.11598013051747,-5.070310205469007,4.308978464672049,-20.421225102636598
2000-05-05,-29.412691275485226,-6.299080129967022,5.031423872740746,-19.706584905754717
2000-05-06,-29.324225505023428,-7.49817214344899,6.29293764403774,-19.160111708892337
2000-05-07,-28.6314513996102,-6.331421151934784,6.814959686376432,-17.69402134893297
2000-05-08,-27.84212471735558,-5.4843780380517355,6.769734240425289,-17.79779703690292
2000-05-09,-29.28050933404403,-4.822239649017257,6.283595333483055,-18.669090242411503
2000-05-10,-28.716618839580203,-5.733538107134174,5.941560038223834,-18.363347343154366
2000-05-11,-30.539956077129357,-5.788114676591036,7.87881633215952,-18.491290410725487
2000-05-12,-30.895116193638234,-5.131608742462979,8.694381706494287,-18.77259450358791
2000-05-13,-31.35907469401154,-4.354423246483069,8.041622287010357,-18.949948867237605
2000-05-14,-32.17056973864677,-4.081715508124807,8.174059819349049,-19.90372332670121
2000-05-15,-32.77286917175613,-5.263156348860054,9.17947217509241,-18.534518970750884
2000-05-16,-32.74926853385371,-5.343131320511332,6.659113428112354,-18.03595451212176
2000-05-17,-34.182249441031786,-4.909026879479348,6.852639461548096,-19.169313522094942
2000-05-18,-35.22046438940465,-3.2023839197129362,6.2831194782990085,-19.60598133867566
2000-05-19,-34.66477326856204,-3.664908211778635,5.69948479251453,-20.36211010722566
2000-05-20,-34.71450860264236,-3.4946333363027966,5.765079203142186,-19.865931991786713
2000-05-21,-35.34100536392982,-3.4372039349377035,4.320398660678437,-19.67652098207458
2000-05-22,-34.03351673459671,-2.4920385407770147,4.856688958742345,-18.642730134755872
2000-05-23,-33.7637336370214,-2.1122311590240437,4.42960728325648,-18.182429384534792
2000-05-24,-32.80905889345049,-2.6190175785939824,7.0031201851925236,-18.684311064197534
2000-05-25,-33.738491516721574,-3.6250628279418535,6.063969297073896,-18.230802623083605
2000-05-26,-33.74793811522182,-4.027000969372678,6.013540921762,-18.23752608980817
2000-05-27,-33.092905729911934,-4.823327286303294,5.898370535144336,-17.175320880550583
2000-05-28,-32.55621727361461,-4.078921292676389,6.044724357707408,-17.953162978044944
2000-05-29,-32.023959513218166,-2.4415506871158774,7.775736987100351,-18.66568808958206
2000-05-30,-31.859630667997738,-2.8082147984752273,8.540484867604295,-17.97321147420433
2000-05-31,-30.755742490448867,-3.9600434602847,8.054957961095411,-17.84058288103681
2000-06-01,-31.64555911439631,-3.443449058222392,9.486708191663295,-18.62514504904221
2000-06-02,-31.23969192496357,-4.694717328706499,8.623996372331346,-17.058753315230078
2000-06-03,-31.281808093703376,-3.667417185590538,8.969352349468592,-16.459270641242043
2000-06-04,-31.887464518697513,-3.4968306388934036,10.758521440427238,-16.85998871210534
2000-06-05,-31.81334855434608,-3.7307011813095907,11.333611773043051,-18.66226910768196
2000-06-06,-31.795718147163235,-3.805644814869454,10.334596911597698,-17.403774477993284
2000-06-07,-33.252494978351834,-3.0960513976842643,11.184245229156001,-16.165662260389432
2000-06-08,-33.865853633839144,-4.4469960682108,10.594577515591766,-13.524026610501673
2000-06-09,-32.61025044333411,-5.375906297218112,11.255821249780537,-13.386231423409054
2000-06-10,-32.61527874779198,-6.2235957370568205,11.227928668508843,-12.750151811237883
2000-06-11,-32.95086601868649,-7.33917975833592,11.590186042860594,-13.34480327144827
2000-06-12,-32.85716106712977,-7.087140060580336,11.105099008752997,-15.08550751507375
2000-06-13,-34.193296722250956,-8.22183555441137,11.43734061181,-15.296624672445148
2000-06-14,-33.110716980545625,-9.251302753661784,10.589906985236459,-13.841477501928308
2000-06-15,-32.2743884321878,-8.332369075216128,10.578253802407731,-12.767911013144332
2000-06-16,-32.74791498050382,-8.326856242771974,10.230703196791515,-14.4444315762935
2000-06-17,-33.01861987135908,-7.99076988881136,10.9751697784328,-13.644928918333573
2000-06-18,-33.512497452835156,-7.213897537214824,9.458278866877631,-14.356706020529924
2000-06-19,-31.28708661282949,-5.061711413029618,8.131363262873451,-13.64831322054219
2000-06-20,-31.28707037178855,-6.6686901673518,6.580863684978194,-13.010747571718086
2000-06-21,-31.07938979041873,-6.524793764442773,6.923253822521177,-10.80702353246612
2000-06-22,-30.63698450624399,-5.707773596084479,8.149365251238235,-9.803817790244828
2000-06-23,-31.94935035228455,-6.7320170807481805,10.398654638151662,-9.72621186869359
2000-06-24,-31.667357552677675,-6.684674916597026,11.032482257684167,-8.926358047746033
2000-06-25,-32.208191536960946,-8.52760782164828,10.4102115332837,-8.06268057583984
2000-06-26,-31.670762914923486,-7.34549539713338,9.867143978767748,-5.6767198000643
2000-06-27,-31.22873117797628,-7.293957462333548,10.71993558467247,-4.794423883402787
2000-06-28,-31.013786928123974,-8.37387136325045,11.101078242233369,-4.447276025917329
2000-06-29,-29.779735486284665,-8.974395718984724,11.273137546214862,-4.837354112325906
2000-06-30,-29.38427872134351,-8.51098640090536,11.517218974566608,-4.896535671414652
2000-07-01,-30.197730639134186,-8.178700438093252,12.041192338458655,-6.215842331840198
2000-07-02,-30.54176632030128,-8.39163570501873,12.33071528687588,-5.654435215250626
2000-07-03,-28.391518119203564,-9.662434140944708,11.277277134860089,-2.5113825202932274
2000-07-04,-29.364010986303946,-8.815469349244285,11.055934494512092,-2.7581686506893863
2000-07-05,-29.819668432802764,-8.50867213747779,11.432879663167657,-3.3665459308297403
2000-07-06,-30.31710092245407,-8.050239494671535,10.424326877388083,-2.8320623252239128
2000-07-07,-29.68644976358283,-8.482573086951996,9.557219401289348,-1.6113716002732024
2000-07-08,-30.775527595686004,-8.106181289997945,10.816051430360572,-0.5722696002924523
2000-07-09,-31.431186999713574,-6.523499351202585,10.211407715909662,1.3059952659302154
2000-07-10,-29.42952827538112,-6.835856152810371,11.913948938106328,0.6461431248300591
2000-07-11,-28.86377363136276,-7.824342397227319,11.34932016609788,1.2200783028868942
2000-07-12,-27.47243501118704,-6.640722485847855,9.763371813142555,0.4332251686966151
2000-07-13,-27.252014474562493,-6.967138324697626,11.356398559596599,1.2448112745277733
2000-07-14,-28.388255860560736,-8.791458380855092,10.883063054165673,1.7256926962995962
2000-07-15,-30.277143973244453,-8.550510751948897,10.899321950776805,2.9882537726455647
2000-07-16,-30.07257978358268,-6.788767217546661,10.29337805007837,2.2029213650220982
2000-07-17,-31.0089748952688,-6.697744469465531,10.449125752341851,1.3139975720183505
2000-07-18,-31.353394984077983,-7.368489192782792,10.144123147839883,1.7010389615450225
2000-07-19,-30.51556228648994,-4.3476886032413375,9.84456177427454,1.7272340625180393
2000-07-20,-30.261763647766042,-4.888731567548053,10.386161275118107,2.28705483206204
2000-07-21,-29.077805857029443,-4.259473461589113,10.069055239696041,1.382987022236564
2000-07-22,-29.139301849663923,-6.246012156314063,10.098445799472595,0.6458757705323659
2000-07-23,-29.69331865219953,-4.122531258044798,10.763291782726892,1.2731563553181662
2000-07-24,-31.66981375954613,-3.5048489503480185,9.205428527285765,1.1312425852583843
2000-07-25,-31.86351305883802,-2.424628786366232,10.109060258723243,2.5850823577768365
2000-07-26,-32.34999617419997,-1.370937224153549,10.82506599845911,2.0833476156613084
2000-07-27,-31.177492186665933,-2.233761918800324,10.373450720143321,0.4761177614041694
2000-07-28,-32.53711136543447,-3.402045760356403,10.642124940399837,0.5705319440429378
2000-07-29,-32.047992570753074,-3.940025183231861,9.124444930534,1.7098153526992839
2000-07-30,-31.07706550425024,-2.908831968236152,11.172486800674642,0.27420074573708386
2000-07-31,-32.64646395385654,-3.003084492813356,11.580715403270206,0.5447611821019315
2000-08-01,-30.740948633454213,-2.117731616800402,11.163953726970098,1.6619390798760345
2000-08-02,-30.361957562782905,-1.6993980283269645,12.117863236179822,1.2713192413115355
2000-08-03,-29.600596900215358,-2.339668501128528,12.71457584169576,0.25272197158181986
2000-08-04,-28.552869527692096,-2.9066825184559324,14.55340709229776,1.4221580003417091
2000-08-05,-29.30152206906861,-3.31138404950235,14.152118517033095,1.911350196793977
2000-08-06,-29.39162099226435,-3.8922128669654397,13.755345549515237,1.3420747069651973
2000-08-07,-29.30700164661078,-2.7338496747751577,13.82481836118738,1.1806579028268276
2000-08-08,-28.285955949272086,-2.4729081710846796,15.318530551252307,0.16240155165140435
2000-08-09,-28.76718227526255,-1.0615174646047107,13.467087899297265,-0.4446698337229402
2000-08-10,-29.77294633225788,-0.6773390501952127,11.437948139070876,1.5450479025038548
2000-08-11,-30.51115362449073,-2.0638713231759493,11.17087655703352,2.0776177560735833
2000-08-12,-31.413123398964093,-2.6873310757692424,12.32747775479618,2.2906659281008617
2000-08-13,-32.12678743201165,-1.73215758304667,14.111121503309162,3.10984118062013
2000-08-14,-33.40841754175507,0.7788270453704906,13.729581874764271,1.3504865095155598
2000-08-15,-33.56737044940894,-0.7677139875118766,13.915524598465607,2.6916218199359343
2000-08-16,-34.01074500833144,-2.650797623871406,13.97281871202203,3.1510073683666855
2000-08-17,-35.65457475233619,-3.5798990334976537,11.641270179926051,3.2635172111544843
2000-08-18,-33.88235546419845,-3.001357904778149,11.530470349624977,4.454010415196977
2000-08-19,-34.99175640873809,-4.296591624561252,12.326069970258063,5.020178221423032
2000-08-20,-36.16749599835569,-2.5189703045084366,11.445595528244791,5.772995886502899
2000-08-21,-35.11595454445909,-2.933814254591147,11.720179925020794,6.162431664681764
2000-08-22,-33.274143148402594,-1.9890130956991336,11.424077931684545,6.745987761898197
2000-08-23,-34.65495453582839,-1.9727664799405449,11.027302341547218,6.264069292281367
2000-08-24,-36.30204990887026,-2.0713729800732628,10.314551474619982,7.540271618365924
2000-08-25,-36.178540126143815,-2.751050859050974,10.038166628904445,9.169597269799869
2000-08-26,-33.59747403783942,-3.0130148406196167,9.942961736317201,9.94856008413521
2000-08-27,-33.13620706157435,-0.7741306855011065,10.817184336944592,10.331775716058162
2000-08-28,-33.62222998428231,-2.020240894899172,11.783868991635217,10.70125695075634
2000-08-29,-33.09284264362083,-0.5306868500547028,12.359996981847999,9.65603855006891
2000-08-30,-32.92317713840982,-0.6740374168174779,13.100379075722682,9.344716481213327
2000-08-31,-34.67528960756642,0.16444367986262654,12.981842593903668,9.312155746016325
2000-09-01,-34.47403846768731,-0.8646046434078294,12.625306583433273,9.230001652884903
2000-09-02,-33.95852071328415,-0.7864712394877452,11.954737933881681,9.47751059039689
2000-09-03,-32.4500126821345,-1.176728710033151,12.878958335240117,9.190727477317662
2000-09-04,-32.601183802784284,-2.1292078017807077,12.96119438838975,9.017929622186545
2000-09-05,-33.66366237132858,-2.1343145345277468,11.22111928960113,6.250152077315617
2000-09-06,-32.99776195921847,-2.6114539386429145,9.8898290360809,7.193000638642409
2000-09-07,-31.43454618521166,-2.5220858915530315,10.582827189146434,7.25448233972353
2000-09-08,-31.912603829751866,-3.4136286043999693,11.655294471297752,7.196328004621307
2000-09-09,-33.27076052523772,-2.7524529548986916,12.310557683120452,8.153348236430231
2000-09-10,-32.64102365916562,-2.424203890612355,13.248613438484751,8.941222221170742
2000-09-11,-32.89068362937257,-2.1913294532125436,12.860518129262292,10.489453155588974
2000-09-12,-32.027887019797085,0.43733970977559355,15.028675881331676,10.970536608061153
2000-09-13,-32.37826382989868,-1.2921233401688141,13.73787683388762,9.289153925458397
2000-09-14,-30.157342941372267,-1.0863396595428514,12.602206642744159,9.731426091366737
2000-09-15,-31.10181866255252,-0.4369913382173495,12.814219906684874,10.640149148378674
2000-09-16,-30.551610088663534,-0.8664350256404441,13.1325460461804,9.331657837987766
2000-09-17,-31.990241852496283,0.43766936988329297,11.81840471693804,8.51925301454516
2000-09-18,-32.179479952521355,2.4621728948499033,11.577220811200746,8.369210292193022
2000-09-19,-33.21757004203569,3.646646775606757,11.037487807617916,7.882488700746879
2000-09-20,-31.9680593240929,5.377514431323526,10.558392167461601,7.175351399051729
2000-09-21,-33.01736336115501,4.821349509062765,11.525680561110429,7.305127036500093
2000-09-22,-33.81798891905598,5.9789226225929015,11.832452999188817,6.978794455940999
2000-09-23,-33.96770834419305,7.287949274209195,11.439317914984144,6.621422141370643
2000-09-24,-33.35563820208257,8.555633896174907,10.80869713564465,5.3593287415392075
2000-09-25,-34.029655784263994,8.036316822701966,10.507296201374068,4.7141865316201095
2000-09-26,-35.189037343469415,7.054012108602054,10.371016857280626,2.8015071597561114
2000-09-27,-37.52413326935287,7.1590817762420045,10.232726177025397,3.9636374730077137
2000-09-28,-37.320768437546896,7.061217310868589,9.956033202817041,2.369654393379824
2000-09-29,-36.70088896755627,6.660849017541026,9.6183543761303,2.1656452337279104
2000-09-30,-35.89685201010494,8.533438229375948,6.60832441958187,1.5116957414980692
2000-10-01,-35.9677451406515,9.320101845724672,7.816820361170116,1.0182382784564676
2000-10-02,-35.49795454515502,10.375710401874159,6.211716966950995,2.380057238368919
2000-10-03,-36.80805529039803,11.872798341720149,7.656060794959392,1.9454455406653963
2000-10-04,-36.03997304908377,12.82417651125084,7.137873993031872,0.37640773984816844
2000-10-05,-38.12328026417213,12.634700881528293,7.648964664759642,-0.11357475005182888
2000-10-06,-39.191905674479244,12.39644217590804,8.01040058588526,-1.2487132852510667
2000-10-07,-37.56024187466934,11.898705238695579,8.42852008511626,-1.6716619721484332
2000-10-08,-36.73968019468374,11.817379327120241,10.232664806306776,-0.6320238191771688
2000-10-09,-35.769983351358256,11.615091321975857,10.375630181791701,0.6124254759680052
2000-10-10,-35.744422970914215,12.222072294042977,11.46548079273161,2.084908003381588
2000-10-11,-36.011303924894044,12.125507917521539,9.385597512602363,0.5221678348945675
2000-10-12,-36.21013054066323,11.531770170879152,7.297824321722283,1.3548437454853879
2000-10-13,-35.572913097955,12.322843690262424,7.332753458743231,2.38574011977207
2000-10-14,-36.5632478488433,13.560296069736866,7.03320758102606,2.1309965709163117
2000-10-15,-35.80661461924591,12.912544929879498,8.451763438297101,4.120154218713049
2000-10-16,-36.79358759460433,12.24359419025573,8.480072791216372,2.6322459209488382
2000-10-17,-36.73113877965689,11.726897335590774,7.658492428162657,1.2661577269691653
2000-10-18,-36.65081217336958,9.795008326058365,9.487181162225129,0.7672331414307909
2000-10-19,-36.94856650803437,10.287470462190086,8.941204525417808,1.95405486080759
2000-10-20,-37.200352795134556,10.910873022548088,8.18447375575232,0.8832471369815431
2000-10-21,-35.99897063096279,9.189128843772762,7.592851746918303,1.0249435856513407
2000-10-22,-36.76001367283641,10.558089425306404,9.090641259790937,0.4774668899775366
2000-10-23,-38.60578859210876,11.150434123025251,9.392843478284203,0.05375463858452284
2000-10-24,-37.562224577420324,10.685857411827149,9.243690657187601,0.2734951232448147
2000-10-25,-38.11090933362253,10.440382430199858,8.800832551626234,1.1929972672666302
2000-10-26,-38.0461830472058,12.102876760705204,7.755844494505217,1.5603690812378552
2000-10-27,-37.4279882384095,11.65487064313808,7.423996632763956,2.6311209214785665
2000-10-28,-37.38323340424644,12.328146001428777,8.51275360646022,2.824036622806686
2000-10-29,-35.966669660843614,11.58272273575174,8.814985310685291,2.069052205882109
2000-10-30,-37.7812526508415,12.109873398896257,7.111787966898239,2.0340992667160416
2000-10-31,-37.083565074680976,11.676336305903785,7.103166639028023,1.6993333358409113
2000-11-01,-36.805372001252,10.529467647700098,7.162632110861923,1.4259336292466431
2000-11-02,-36.29967124440786,10.824700622406002,7.245817557356028,0.9554226433220407
2000-11-03,-35.4871751555835,9.98879440541598,7.246951729880544,0.06111767762233011
2000-11-04,-35.61681052068138,9.676048631578155,6.424179973580265,-0.06922724145096967
2000-11-05,-34.63695789506496,8.567719318072823,5.918497563261064,-0.2622838021198098
2000-11-06,-36.78186189504004,8.671343507359602,4.435683952013948,1.0506651670056444
2000-11-07,-36.75554708726596,7.872995066685211,5.334451625410169,1.169846727592141
2000-11-08,-36.8879679855204,8.165847815798095,2.8403899959340437,1.793714093440919
2000-11-09,-35.48406307834379,6.350409325054103,1.849701202601278,1.2977381641709151
2000-11-10,-34.69711260538488,6.340933255426865,3.216112578437139,2.3650799175342083
2000-11-11,-33.49817875978622,6.496922272309903,4.020074985917422,1.9035139879781173
2000-11-12,-33.214386460896776,5.2248814566839865,3.990706238471127,1.1194357860105728
2000-11-13,-33.130606197747134,5.953678089497606,5.402750983131624,2.2659506497949926
2000-11-14,-33.8579512552984,7.9531566478311255,3.9766853458489226,2.7462567807793468
2000-11-15,-31.48456833632754,8.553110397388306,2.4631652073062797,1.7930809257232947
2000-11-16,-29.891093995000215,9.49564502661073,2.323520027363091,0.6451337236302135
2000-11-17,-29.329553836998183,8.43325936893121,2.430806672598586,1.9544092745074755
2000-11-18,-29.89776254825509,9.035627909731048,2.238346983494066,0.6653378159138335
2000-11-19,-30.312683598841947,9.044311135166703,3.606830822637468,0.7606206906774606
2000-11-20,-29.28336308508739,8.692193584147965,3.730368855196089,-0.17388661491789137
2000-11-21,-30.07348072172964,11.139120090283262,4.89044317853152,-0.8017524768881489
2000-11-22,-32.02170745492504,10.843233176194689,5.413044326992587,-0.13336619506314373
2000-11-23,-32.05706429577077,9.755166746382601,5.222134435308528,-0.3567129864481961
2000-11-24,-30.906570144430304,9.477401178891313,3.365676849926393,-1.112880785184985
2000-11-25,-31.23833825814694,9.938374814768613,1.9875748415412062,-0.10371349588125711
2000-11-26,-29.93117826042277,8.384504401342353,1.3606840814192787,0.3388400775972286
2000-11-27,-29.940478073343336,9.008044347774412,-0.48083862170242475,-0.5114579060072559
2000-11-28,-30.48393815900367,7.554496934818226,-0.7036095899483511,0.7945716720354541
2000-11-29,-30.059939485303406,8.12435777831962,0.0671029803864126,-0.10089099446988448
2000-11-30,-28.35714077067239,7.48631996315624,-0.2412418060861085,0.5684758270163885
2000-12-01,-28.658950492509522,8.298017361524355,-1.2927698519809112,1.0779365201220223
2000-12-02,-30.26335794569123,7.028363371233059,-1.212976578485765,0.6896236679822079
2000-12-03,-31.55826883196972,7.240850385072804,-1.90103568523337,1.3269924784236715
2000-12-04,-31.9408174008541,6.459329343534924,-3.361421622766678,-0.4871960856733113
2000-12-05,-32.80527136215372,6.953360129054357,-4.587233504840199,-2.8086218868912507
2000-12-06,-32.73867429903056,6.106488398727242,-2.5931470578305533,-3.6238584326192145
2000-12-07,-32.89091650156926,5.753392296348538,-3.0925215150747674,-5.3483971010983495
2000-12-08,-34.00168794101471,6.794227082110999,-2.6539090398827017,-5.78570310519671
2000-12-09,-32.71422996753936,7.412849285778466,-3.5801362110889574,-5.268100942981834
2000-12-10,-33.065345833716165,7.432642802704948,-1.947147753489495,-5.621748074092536
2000-12-11,-35.085516359142204,6.470588339593002,-1.6870660898751257,-5.975789022479926
2000-12-12,-34.4794719829263,6.7939906905837475,-2.6917239140168467,-6.089215542522004
2000-12-13,-33.50852783804017,7.304478539489433,-3.1620083527551426,-6.052426535905791
2000-12-14,-35.01715818953139,8.466645751501643,-2.9054236767491384,-3.7986122827722344
2000-12-15,-34.86892805124934,6.315194234331587,-0.9629323900229287,-2.636975497896455
2000-12-16,-35.90907222759766,6.60150374449201,-1.1049102846059193,-2.509882784648088
2000-12-17,-36.566444457075974,5.236373457673526,-1.802312479565563,-1.6447639505307687
2000-12-18,-36.76462475080143,5.670270134998864,-4.154244270278912,-2.011100227280437
2000-12-19,-35.508808545658916,6.474642527481798,-4.662966660574757,-2.5476847140417216
2000-12-20,-35.74496128447589,7.630015280850923,-6.301993986810874,-2.599493933223237
2000-12-21,-36.90021729090164,7.9914468768434554,-5.192205115770792,-1.7729356944174146
2000-12-22,-38.34347807156814,9.288213477745785,-4.215260984967475,-2.6901298271276968
2000-12-23,-38.61919924048952,9.037466055026263,-1.7514472987996021,-2.356012874715887
2000-12-24,-37.37827472183868,9.272920902566877,-2.8488771866416824,-1.8760466241448952
2000-12-25,-37.06187232197577,8.699059183285662,-1.369088814925245,-3.2419302043936113
2000-12-26,-38.49246313617339,9.152640001861885,0.47256743022642134,-3.4765484413583247
2000-12-27,-37.33704186327022,10.169618072962244,0.4231563560422192,-3.0396475726853667
2000-12-28,-38.62039097763634,10.392766137521566,1.3125347831194307,-4.468444334840821
2000-12-29,-38.1533686388945,10.256024111253478,1.8049366229201733,-5.110680305746117
2000-12-30,-36.86220392801349,9.508706968232275,0.6488481409914066,-7.398101497940157
2000-12-31,-37.24926728730817,9.466636837904401,-1.324667255865244,-7.443416395950962
2001-01-01,-36.99544354450295,10.869155812895023,-2.4984840512970212,-8.119605575744687
2001-01-02,-38.95542264754815,11.646068639941603,-1.8424801077829027,-9.208641930254393
2001-01-03,-37.406074045762466,12.217235019718625,-3.754603038817578,-9.656757678104059
2001-01-04,-36.80378566420514,11.136225416994677,-2.8421879631222806,-10.333669334208258
2001-01-05,-36.597042567119786,10.837837150842397,-4.633563797513325,-9.69281285839222
2001-01-06,-37.05862127621505,10.436292875088164,-3.449842079619315,-10.15191957722601
2001-01-07,-37.88485622291143,9.03167552137748,-2.847925231784274,-10.684339326113111
2001-01-08,-36.362646077590654,9.427895885048025,-2.2265267585420925,-10.796581641799234
2001-01-09,-36.21938069406638,8.209155649483863,-1.4993409522178451,-11.101824497210456
2001-01-10,-37.3633055309185,7.768927001083277,-1.8245021356483075,-10.576909395748418
2001-01-11,-39.34609238837065,9.649714556502932,-1.2609186087483628,-11.145612767993779
2001-01-12,-39.74893953980432,8.965061920204528,-2.116574265546706,-11.858782233577383
2001-01-13,-40.168181294129674,10.388758487925765,-2.8152241289891116,-11.671372060241255
2001-01-14,-39.84518654154614,9.064708419860587,-3.141932070870349,-11.877945392993198
2001-01-15,-40.697597939446496,7.431940511540327,-4.04061903133703,-13.20491843015393
2001-01-16,-39.4359072818306,5.652611674073427,-3.995910584781637,-13.957274372594561
2001-01-17,-38.75148284684402,6.624671889437935,-5.165987204797208,-15.499160813515246
2001-01-18,-39.157429331175884,7.529336218573474,-6.807346125964175,-15.759796089193255
2001-01-19,-38.72001787004011,7.206555836794636,-6.765680951782384,-15.127366753312273
2001-01-20,-39.59648265812716,7.738624597981119,-6.573877832906885,-15.24654885144768
2001-01-21,-38.77255416864066,6.918280248722622,-7.3490723695564775,-15.32348846260209
2001-01-22,-40.06833857986468,5.6015321649372005,-7.635221503590449,-14.964964640752864
2001-01-23,-38.512911423823695,6.3948302949185925,-6.572472683391229,-15.00671932665348
2001-01-24,-38.59222940865612,6.841057425471739,-5.815559725997731,-14.086882599389426
2001-01-25,-36.90719856567269,6.632562830737969,-6.127731888777723,-13.23581307383444
2001-01-26,-35.93451760873734,6.889177505610801,-5.696461989240187,-12.79292390785911
2001-01-27,-38.35552793546239,8.238654042883837,-6.1699456086715525,-14.136602312178184
2001-01-28,-38.87242577108066,9.566159793354087,-5.349297224263434,-14.429562498051295
2001-01-29,-37.55412650624551,9.219584896725095,-6.389340754958966,-12.75334816328173
2001-01-30,-36.97060217845741,10.435595894912362,-5.650703520707471,-13.42921996759229
2001-01-31,-38.60168825185645,11.335944638899585,-4.291059379266628,-13.783661419847014
2001-02-01,-36.71344266448875,9.925651103939419,-4.0485610325691646,-13.64461595422208
2001-02-02,-35.858903442661855,9.530431234232095,-3.1929928015131113,-12.153335523917104
2001-02-03,-38.284408621923724,9.90199558246681,-2.292523470896961,-13.04975773974405
2001-02-04,-38.54824479576118,8.377134455365013,-1.2026724622363971,-13.604456171990654
2001-02-05,-37.438974063321616,8.887468552862764,-1.227749199361941,-13.749990815244164
2001-02-06,-37.60880501315458,10.008487087508849,-2.4755665546561936,-14.553788661654604
2001-02-07,-39.61274043119384,8.948122488903092,-3.0773506858488457,-15.58549872898882
2001-02-08,-38.383007491252954,7.964042830681116,-3.4940911285342393,-15.520416641672515
2001-02-09,-38.77355351812797,6.253017672906733,-3.0855504425878917,-15.013949104700096
2001-02-10,-37.63843798461425,5.754198541774955,-3.754966373424714,-13.427940835847245
2001-02-11,-37.50345027495882,6.991017575456805,-3.5114486859761223,-14.660015156635907
2001-02-12,-37.381969602222114,6.306109035055512,-3.8004441459965643,-15.311447092700663
2001-02-13,-38.68211002931398,5.757455802434075,-3.362520050140462,-14.361009898476704
2001-02-14,-39.4049082012692,6.319983297078808,-3.434270739582955,-16.072284185843763
2001-02-15,-40.128586566212434,5.964385397998745,-2.459429805512979,-17.094960626222036
2001-02-16,-39.777671588848854,4.777424696628228,-2.524884259984313,-16.549899693062308
2001-02-17,-38.47080761500702,4.873820499479482,-5.585778211880934,-17.736642568250357
2001-02-18,-38.49105708023393,3.2038524553337338,-4.866784935902315,-17.293640822853124
2001-02-19,-40.63308426675059,4.436140302510226,-6.702021238301031,-15.080658649456097
2001-02-20,-38.511717938792486,5.367935513157221,-7.638097131564082,-14.196124118813021
2001-02-21,-38.937672368374955,5.741215262863888,-5.971751722190443,-15.028140443466983
2001-02-22,-39.86497131096184,5.958349344861285,-5.736550990579459,-14.957275313913172
2001-02-23,-40.49620917554156,6.8094755248582866,-4.028468347885589,-15.318551477316127
2001-02-24,-40.63419960463307,7.401175217304191,-3.442204050905546,-14.73189241540695
2001-02-25,-38.80975290662317,5.276209356996828,-3.533727970363541,-14.223329804707502
2001-02-26,-39.50996905002719,4.772883852808265,-2.08091757304957,-14.609911459143492
2001-02-27,-40.86743409051481,3.063287723457715,-1.8339034735732023,-15.107026124276665
2001-02-28,-40.73240319858569,2.9919880921600672,-2.093726066172872,-16.06301381066295
2001-03-01,-40.282208468206164,4.004317084758172,-2.089196425929844,-14.598546575093344
2001-03-02,-39.97307208203915,3.289619865498981,-3.9306740971005043,-14.680799581615277
2001-03-03,-39.515181685335484,2.1248764508989058,-2.2204343033221097,-15.438992567254225
2001-03-04,-40.43943399753925,2.57430394996458,-2.1701869252167962,-16.423535607140806
2001-03-05,-41.00917407101588,4.5813160920552285,-0.756295027685691,-16.324523293711238
2001-03-06,-43.188987341014624,4.832244421151523,-0.2625819071754086,-16.37212640949093
2001-03-07,-43.54338317682736,5.632033424112586,0.255654438720153,-16.545759274654866
2001-03-08,-43.931765437779426,4.604815369017179,1.1413943058926355,-16.68709986346201
2001-03-09,-45.99182949713014,3.594660694226472,1.1473014893002609,-16.75925625536389
2001-03-10,-46.66182356532767,2.308236331763943,0.9893775301254328,-16.324086164507733
2001-03-11,-45.617507875661666,2.5672080364590246,2.3670681449988438,-16.038425189171654
2001-03-12,-46.279146087877784,2.8743293604513744,2.378093683927146,-15.251447332541519
2001-03-13,-45.517654131626706,1.7648545857658444,1.8095955632353395,-15.434712578601493
2001-03-14,-46.50758131468934,1.6745201270999297,1.4150231910376725,-15.899455716292806
2001-03-15,-46.47678562364848,1.6629175216456784,1.6069392779283762,-15.842810425912118
2001-03-16,-46.63328936399214,1.534942351973419,2.7206697594451787,-17.246672265428998
2001-03-17,-46.751943399327544,1.897830617343647,1.6544699880594473,-17.38295272908558
2001-03-18,-48.08601048406082,2.057234711764612,2.022055696095669,-16.9943797559284
2001-03-19,-46.51262668474823,1.1599397893885781,1.3500366862140167,-17.00532143087764
2001-03-20,-45.209985443662205,1.1452843831175508,1.5621945833423103,-19.449764561433142
2001-03-21,-46.57573426512957,-0.05984683285776882,1.1932957805473792,-18.98529533656669
2001-03-22,-45.63839443908786,-0.8726597715632964,1.2045692647404909,-20.999365857411092
2001-03-23,-46.21396116081064,-3.4154155432579314,0.5957120462125137,-21.307560915603652
2001-03-24,-47.58075512424438,-4.897741051618398,-1.4402982893790623,-20.71976923835485
2001-03-25,-46.88660359283986,-5.813270927486625,-0.6145694810008608,-21.88895495009053
2001-03-26,-46.74044098942165,-6.707153560382791,-0.1776804315785011,-23.024838226246917
2001-03-27,-44.91298566354456,-5.795335978732176,0.9044289277701697,-23.413741295161394
2001-03-28,-45.764081159768715,-4.913639331136297,-0.0792283585156045,-23.508724772380855
2001-03-29,-46.262861670779614,-5.001176752901949,-0.37276364373786824,-20.62351381678628
2001-03-30,-45.33832643322525,-3.5029171963806176,-0.8336016405353652,-20.67808447115749
2001-03-31,-46.014759844603994,-2.447714192216461,0.20834906074269255,-19.888721982541927
2001-04-01,-45.595530918011264,-1.7969405127479248,-0.08027188623909559,-19.46330711586624
2001-04-02,-45.24551423922667,-2.4247534806111317,0.5766591955070017,-21.347232447796358
2001-04-03,-46.394635374904794,-2.725051873215825,1.5458444129974835,-22.17262161749228
2001-04-04,-47.04125351623006,-3.207298363485431,1.4298404408077023,-22.755906501097
2001-04-05,-47.14605244184595,-3.951720463271434,0.9451515114630041,-22.750934217099633
2001-04-06,-48.00690931114101,-3.6825045361594,0.28105367994275265,-21.518611392997983
2001-04-07,-48.803462038129375,-2.825889124935764,1.010920861580957,-22.384172241827535
2001-04-08,-49.93863976200387,-3.7815502605351368,0.8458043754808922,-20.885721605901473
2001-04-09,-50.07259954294744,-4.1016060099049785,2.040480285673926,-21.25298667530521
2001-04-10,-49.61250631522026,-3.259986831082095,1.4007688897560255,-21.026846897107067
2001-04-11,-50.73744368349332,-1.280599657959364,2.208039635294501,-20.268682577211806
2001-04-12,-49.73231796801492,-1.8173851844325037,2.4853778052101116,-19.723995512493325
2001-04-13,-48.45904423138286,-1.0265344222372268,2.6472104427398926,-20.649750467262916
2001-04-14,-48.28884198881593,0.7899074712677228,2.4176258456465547,-20.97927035603255
2001-04-15,-47.33964342958376,0.5490292215092403,2.1866377685476492,-20.081003366565945
2001-04-16,-47.64514014095538,-1.5102549990544416,3.1257704224094907,-20.63862743234324
2001-04-17,-47.03268962549424,-2.6767424095546968,1.530941851032226,-19.957024420999474
2001-04-18,-47.056350162407185,-4.522147518416148,1.6567591434008824,-19.050923517305364
2001-04-19,-47.702604855853615,-1.3782310940674982,1.4726120835869976,-16.44731873391993
2001-04-20,-47.965001833062885,-1.7455924989607006,2.59716222032704,-16.758658475673556
2001-04-21,-48.400882213176914,-1.6754137503725377,3.379308741230154,-16.981177725970706
2001-04-22,-47.2785377779208,-0.8749729715249396,3.3316664491198615,-17.48049358309995
2001-04-23,-47.04968518611084,-1.5499620769964402,3.0015742961457854,-16.095749927373337
2001-04-24,-47.651612721397726,-1.6723959975339793,5.456379355249119,-15.268896429094285
2001-04-25,-48.7887122419807,-2.3753164323052127,7.686659732083676,-15.013978679775377
2001-04-26,-51.76194356282845,-1.266224934292574,7.109653242772272,-15.470232968610834
2001-04-27,-52.55427967870403,-0.805376961408798,8.541602707174489,-14.99803011355183
2001-04-28,-53.81112501198995,0.2874523074460438,7.678127247039539,-14.659771859571139
2001-04-29,-53.02692414246967,-1.754786797093388,7.1698878295148285,-15.464895456049648
2001-04-30,-51.61641066660208,0.2603050065513228,7.175933868520988,-14.93808509333153
2001-05-01,-51.630032520712135,0.10609850287538869,8.576142619153229,-13.599378785068302
2001-05-02,-53.30285244407413,0.06311556801455315,9.618400424296079,-14.499629059626873
2001-05-03,-51.4211701802978,-1.2817939309365878,9.389845302698328,-14.40723085821794
2001-05-04,-52.664284571647954,-1.935990621622906,7.338255487641058,-14.878798990351406
2001-05-05,-51.35852290270871,-3.3285486313717785,8.663142790667305,-13.705512016866196
2001-05-06,-52.11534997439998,-4.07543557033409,8.436205258298509,-13.893637033351455
2001-05-07,-51.72866940629938,-3.7858058483654524,8.609607455418146,-14.646239579630937
2001-05-08,-50.873196775704535,-4.787293512007034,9.833770362879488,-14.968236721692397
2001-05-09,-52.172298354119675,-5.46204001991684,10.25706125847857,-16.62785087009972
2001-05-10,-52.396218414644466,-5.8754955859638685,9.954433975530268,-17.30586173004815
2001-05-11,-54.13016025229545,-5.170595923051509,10.303614122896922,-15.1050648588968
2001-05-12,-52.950681259742076,-5.068871651588933,11.925418517172297,-15.171312518023319
2001-05-13,-54.29604478782173,-4.2803482847479275,11.281686955958977,-16.986167750451678
2001-05-14,-54.49147054084917,-5.2227018223373305,11.827097411144825,-17.489716176874232
2001-05-15,-53.06001010058357,-4.587876840116611,12.69421633302035,-17.724088983926954
2001-05-16,-53.92318753728705,-5.356000352062834,13.112918821927662,-18.32668076448922
2001-05-17,-53.35610013489677,-4.389040507532128,12.392357961326798,-18.320499237523734
2001-05-18,-53.39273967186182,-4.943505081703011,13.374815088431804,-17.30567092914311
2001-05-19,-54.69267426225359,-6.360036320444989,15.019790575101212,-18.086761616447994
2001-05-20,-55.424242140103445,-5.771844261600682,16.056062904454794,-17.300021003687583
2001-05-21,-55.350246848901676,-6.132273712849684,16.212921758422475,-16.87734045448009
2001-05-22,-55.116574260548155,-5.334058031815757,15.912715168003055,-16.274505933152987
2001-05-23,-53.787938223488396,-6.889750891328835,15.76227073812468,-15.836982974899973
2001-05-24,-53.67277101478269,-6.562564148220321,15.634051668046647,-15.792038972953437
2001-05-25,-54.857318062607284,-6.339866347584647,16.916309189358525,-16.572897179838765
2001-05-26,-54.815285679150264,-5.427113925414405,19.139095456843158,-18.25413143516753
2001-05-27,-53.48057195472504,-5.7501171098160935,18.84130888957204,-16.77558720997972
2001-05-28,-52.461138572596546,-5.4392512739784795,20.786515466825765,-18.35704864995555
2001-05-29,-52.072858380175234,-5.4171995962503665,21.374648422917765,-18.82840045673947
2001-05-30,-52.060955264970275,-4.789498738298503,19.982298797593703,-20.00982174379083
2001-05-31,-52.331621142191096,-5.476727386632768,20.55735321287596,-20.135321795298815
2001-06-01,-54.2415186334531,-5.257516370704076,19.485333851449827,-20.75404639647881
2001-06-02,-56.77918380946349,-4.977744710987838,20.542981743347756,-19.86563582225497
2001-06-03,-57.21636267454839,-4.397200627621448,19.047794354441077,-17.60937340437646
2001-06-04,-56.65754272374016,-4.686750073753254,19.073942425022654,-17.894376465326822
2001-06-05,-57.36192358640504,-5.578788223404879,19.305206740547998,-20.24895855914878
2001-06-06,-58.40869374458396,-5.629734970210951,20.44981649299925,-20.132340695610797
2001-06-07,-58.1959796066859,-5.478465613456022,20.30794298714156,-21.632629117758626
2001-06-08,-58.55859811534651,-4.9425440712679345,21.183998840812386,-22.495839095944
2001-06-09,-58.22228155199025,-4.605893099942797,20.30528861279571,-21.401270839825514
2001-06-10,-58.200153044257945,-7.097756171669588,21.261646846399437,-20.637927609637497
2001-06-11,-59.214556546518274,-6.5954843879511875,18.688970324228336,-20.00489043482254
2001-06-12,-61.24832566882546,-7.7472752300144165,18.938196617571705,-20.360509112569037
2001-06-13,-60.43538151399847,-5.320523584330736,18.201050543468376,-19.876206197988036
2001-06-14,-59.74492979889367,-5.404647504490114,17.978441699707076,-18.969352185190676
2001-06-15,-57.75647327167249,-4.24961905951829,16.24951201502177,-19.320442635505348
2001-06-16,-58.87776682627414,-3.5804560901738025,17.95311783066054,-18.805106737186378
2001-06-17,-58.145126311906516,-3.981116924177189,16.648264367696076,-19.063230614143766
2001-06-18,-59.271093192016075,-2.408890478789729,16.47693659661079,-18.782268139553153
2001-06-19,-58.726986917937964,-2.610966328367744,16.806521245488902,-19.185747243069166
2001-06-20,-58.668804870060924,-4.3272787011451594,15.871699319716862,-18.682175353520833
2001-06-21,-57.72789320015731,-4.176481018629238,14.23346758941563,-19.88884952958354
2001-06-22,-57.65569309764428,-4.95215016065825,15.747125182216932,-21.644487299571914
2001-06-23,-57.104174722413546,-4.830099220648998,16.883382377640274,-23.303824830588482
2001-06-24,-55.78594201313992,-5.727981649505954,17.184602957120624,-22.344068003277734
2001-06-25,-55.904980483774516,-5.904205426069777,16.73611694871002,-21.624594714199027
2001-06-26,-55.82990652358283,-5.709798400814058,17.96347342878067,-20.38614312233926
2001-06-27,-56.33634621660195,-5.535936237707688,17.067496969575757,-20.002908591517294
2001-06-28,-55.652959398462684,-5.914779483979558,16.731074387270375,-19.7198098163609
2001-06-29,-55.70639354958415,-6.010250774002433,16.101288169596135,-19.865075846020922
2001-06-30,-56.706214617704056,-3.6670595153847176,15.731638435651949,-19.854531477288482
2001-07-01,-55.75252797909036,-3.586350438790114,14.490960143319704,-18.034586652803718
2001-07-02,-55.30606052647385,-4.052196724912435,13.726827164060927,-17.7210763641986
2001-07-03,-55.704600431545686,-3.9525102954462463,15.28941071490105,-17.09512842374554
2001-07-04,-54.79690833639205,-3.395634587805001,16.6203417223573,-18.63777012032378
2001-07-05,-54.405354268992475,-2.425302631051177,14.171189818726123,-19.94418350308618
2001-07-06,-55.093011425156675,-2.881576759415104,14.435818584988247,-21.296179391427813
2001-07-07,-54.12326800829783,-3.5297503087074165,15.113210165605114,-19.98430345448427
2001-07-08,-54.067932392303106,-3.7087530671040345,17.410850150783,-19.740553918904023
2001-07-09,-54.224709299877084,-2.5893829475364116,17.694397695038045,-20.733360506158398
2001-07-10,-54.79358985787026,-4.915709298731732,17.62222688681868,-19.74601228371422
2001-07-11,-54.55013446122372,-5.237132633613478,15.959370405719097,-19.201432690788916
2001-07-12,-54.35149600087397,-5.126643087248273,18.08084519723527,-19.292174008758842
2001-07-13,-54.795754481297685,-5.31283136816824,16.990115173266496,-17.698361042490475
2001-07-14,-53.75244896711251,-5.238096687530952,15.429376442441212,-19.37111903855453
2001-07-15,-52.18864496349343,-5.02087983379756,15.13875334517683,-19.158271269514778
2001-07-16,-52.5663411723703,-5.302331501038248,16.754794602830714,-19.68053459225291
2001-07-17,-51.43791713705277,-4.902398195107956,17.325714172724798,-21.46618130260203
2001-07-18,-50.5121418624731,-3.7049400587366472,17.338822219605106,-21.21356793435139
2001-07-19,-51.012308950428164,-5.615091396290357,17.28821261593931,-21.164841577762314
2001-07-20,-51.06430807005907,-6.411402240056703,17.330055342008038,-21.21834093246281
2001-07-21,-50.798662460822335,-6.994147095576131,16.240266897693825,-20.601090732072578
2001-07-22,-51.1289487088358,-6.697219406624866,15.257161724962947,-20.895240043530237
2001-07-23,-52.83241862803985,-5.403982000189757,14.783886583893292,-21.877858913348405
2001-07-24,-53.2031974129028,-4.2036678347331,13.48319893156122,-21.223375851220425
2001-07-25,-52.020968857059344,-4.492618532685495,14.926405586746826,-21.076349913868643
2001-07-26,-52.93670868057382,-5.929297474138227,15.272097336200538,-21.109891664907675
2001-07-27,-52.76165817876122,-6.324192972063762,13.94961741494191,-19.575759274302758
2001-07-28,-51.5047864099562,-5.670244610347777,13.679448107176222,-17.342101931207814
2001-07-29,-52.76335550426522,-4.957029825166473,13.989459884207621,-17.101911263685587
2001-07-30,-52.08817486063881,-4.797971415787906,14.737093325783512,-17.484816208449754
2001-07-31,-51.64910525098809,-2.746078061979533,14.457161183954355,-17.633025719449016
2001-08-01,-50.905779289638176,-1.0009950899753863,15.11351857387929,-17.130863540267157
2001-08-02,-51.263007361954266,-2.1982661831038097,15.021594037370933,-17.173368734065107
2001-08-03,-51.20650830437305,-2.0196622146364254,14.80674575627983,-17.862956334941337
2001-08-04,-51.35522040509714,-1.783369532994318,15.54864994235384,-17.57041332313961
2001-08-05,-50.45890020800072,-3.126407660417561,14.750275982758515,-17.958851838460774
2001-08-06,-50.98369214699092,-4.173533075654079,13.276467140940984,-16.954413607944876
2001-08-07,-50.089232409531135,-3.4944154688547093,13.603925563507826,-15.134915444517738
2001-08-08,-50.3060355208015,-2.5964856007271133,13.022139254645086,-15.660619883087705
2001-08-09,-49.58114692710739,-1.4065912111240395,15.70085477353178,-15.526303835640507
2001-08-10,-50.390864568462504,-1.597207628129912,16.329455694478952,-15.09022327846858
2001-08-11,-50.82614490220123,-0.5347554543040047,17.17010458361572,-15.691871834270348
2001-08-12,-52.32726469516624,-0.381898713891056,16.761485102831408,-15.357753314300538
2001-08-13,-54.021298593429385,0.32141431751236926,16.477905197301006,-14.984264012949016
2001-08-14,-54.03901941858501,0.39401160891531906,16.095529473424573,-15.438598255490644
2001-08-15,-52.665016108858005,2.276060502497777,16.326462609498606,-15.368019607562584
2001-08-16,-52.88691230218011,-0.07311569738369394,16.194661858976254,-15.437991145034491
2001-08-17,-50.53997576631119,0.7120278385997231,16.145400860234812,-14.044421844660166
2001-08-18,-51.58638336646013,0.8784981587952363,16.81573785060132,-14.776649208652579
2001-08-19,-51.71044519957934,0.47054865950093044,15.4940828528181,-14.538775183182455
2001-08-20,-52.55663893189781,1.5206236210976503,17.67580266923267,-12.720854951442023
2001-08-21,-53.82433702094205,1.0733526004536564,18.33761197043593,-14.076128046593722
2001-08-22,-53.33126208182984,1.3184015592046054,18.091655754648723,-15.023312108514633
2001-08-23,-53.678985144124425,0.6962345818086566,17.49144575163161,-15.708437951068284
2001-08-24,-53.23799329508807,-0.13756443168277788,19.638424849263018,-15.672510530940967
2001-08-25,-54.01875066721797,1.2946144527903645,21.350358941562902,-14.331347334809431
2001-08-26,-54.57845741821932,0.9217131913251668,21.05531311853799,-13.711294445673982
2001-08-27,-54.40552257133714,1.8607193947132923,21.07267094980643,-12.008916084831863
2001-08-28,-55.41577626903784,2.638659036862715,17.76635031348299,-14.256617074266478
2001-08-29,-54.989679071692336,3.0494047871362353,17.875837596230213,-14.445979195316733
2001-08-30,-53.82017030596544,3.3461638560779496,17.33005969419376,-14.575351916246477
2001-08-31,-54.04424122217796,2.459322076980134,17.922667193322063,-15.468155410195845
2001-09-01,-53.81790026504173,3.5306851508357866,16.73465656812512,-13.98407494493905
2001-09-02,-53.11622367860132,2.5260756662080297,14.829922045411346,-14.77461981181938
2001-09-03,-52.09064385735899,3.8406536300435645,15.472763227863057,-15.457972848179585
2001-09-04,-52.11450341163048,3.6785338403111814,13.440058529692669,-15.085126878169438
2001-09-05,-51.94226993878842,4.194621394954996,14.045188559680534,-16.5042444244527
2001-09-06,-51.63350832798807,4.1397094210908225,14.137777287283427,-16.700918099031828
2001-09-07,-51.71054343913338,4.487312242826358,13.731571086335208,-16.86698872815493
2001-09-08,-50.84929550087495,6.107596631741866,14.11677797268764,-18.958401896874896
2001-09-09,-52.600867741577325,4.578820890181675,12.77645126364411,-21.160192759905502
2001-09-10,-53.20700304343752,4.7158431171141695,12.969401554827138,-21.887079492732884
2001-09-11,-53.93410379962272,4.826063420015688,13.980374123320926,-21.268227276787854
2001-09-12,-54.98788919151593,4.415974088200435,15.072571418973997,-21.41405426574316
2001-09-13,-55.04856553150663,5.092012263207497,14.540949983516532,-22.08201712810766
2001-09-14,-55.2721127689463,5.48709734377778,14.370332140817485,-22.36359628440469
2001-09-15,-53.82289393474096,4.834544052893953,14.040462642837722,-22.480900924970918
2001-09-16,-56.149263295362694,3.4998275170298427,11.427885713664672,-23.39529932635793
2001-09-17,-55.280215720630174,2.8671867436074683,10.341148300185711,-23.625993352862583
2001-09-18,-54.77439350083513,5.900681476398459,9.588221583039909,-21.296202355209417
2001-09-19,-55.03031205599222,6.20668801889167,9.250028575377014,-21.95578394619013
2001-09-20,-54.492652747445206,4.3987528666976266,8.677201868443895,-20.67181218374467
2001-09-21,-52.96951013720407,4.252154400384452,8.739400092068049,-20.166244349905774
2001-09-22,-53.840986542327144,5.0469768998234095,9.500557842277155,-20.595545428188622
2001-09-23,-54.99233430698602,4.740764499218419,11.005480339828672,-19.06434117995781
2001-09-24,-51.76226965765277,5.065794128481944,11.896579686716061,-17.225280475771182
2001-09-25,-54.46461606297014,5.24233164885936,10.281440659599792,-16.022812061206476
2001-09-26,-57.232468785402446,3.863427447445375,10.587475435756595,-15.591364457393349
2001-09-27,-56.84923022301605,2.972295116934684,8.576049409140051,-15.253635914050017
2001-09-28,-57.44020059761449,4.275515397800365,10.052477893291732,-15.789273565961496
2001-09-29,-57.498197884544275,5.009702897331024,8.992529575081468,-17.277947314373552
2001-09-30,-59.42110298587841,5.98056030905416,8.483298155800178,-17.549962422296584
2001-10-01,-58.30871474489013,6.67024640932965,8.59166212712226,-17.2710922805342
2001-10-02,-58.670485753312235,8.547088977538346,10.49039639161544,-19.335169442330393
2001-10-03,-60.19500429517093,7.845006835062866,8.693148949217946,-20.635853095034435
2001-10-04,-58.64666182166018,6.855598880833752,9.554432250259495,-20.48769575494411
2001-10-05,-59.667594487606635,7.366829052481541,10.155004884863459,-21.69790201355937
2001-10-06,-61.87434199694134,8.741369895900664,9.885891337087447,-21.28597555914295
2001-10-07,-62.3208878819719,8.14784980713112,10.586488562384199,-20.032099771686465
2001-10-08,-63.954889241638924,5.103212595461214,10.227701538471319,-20.748392910157936
2001-10-09,-63.499853454994614,3.8647977042090647,9.757189119862733,-20.592288563815774
2001-10-10,-65.52925326856663,4.306672703201269,9.698321705681366,-20.81496278056656
2001-10-11,-65.27111312636725,4.695892436291039,7.756293436194648,-20.298738293050913
2001-10-12,-64.89879112575197,2.4931969010376474,7.8397309763330165,-20.399958349130845
2001-10-13,-65.93123567438383,1.2523975868771828,9.168460397134147,-20.845344279444216
2001-10-14,-65.55268005132854,1.172807043428748,8.639873359854292,-20.982650227842406
2001-10-15,-65.19860204911791,2.052610922729242,9.867908387179847,-20.510487112410853
2001-10-16,-65.63125724905119,2.1197034970095414,10.585591140423421,-21.97700036730406
2001-10-17,-65.8176604716101,2.6495508133806815,9.419785430618944,-23.0322624425203
2001-10-18,-65.2169094583664,5.131619043883912,8.480920746109685,-21.880516492944384
2001-10-19,-66.05392206109082,5.798545484033367,8.587994094556796,-23.3474494918872
2001-10-20,-64.92572100936445,6.545059906605271,9.610135194056657,-24.146397508164707
2001-10-21,-64.83901706956584,7.51260056099708,9.226490107948933,-24.677101029384993
2001-10-22,-64.61785173892397,7.735930209519003,7.389585376849465,-24.067069642599023
2001-10-23,-65.70386879197927,8.74677002197791,7.338991988937178,-24.315420573487533
2001-10-24,-65.23214394956659,8.523999500135764,6.595944253806582,-23.57935443544903
2001-10-25,-67.36443868767256,9.55807613098068,7.838664315018205,-23.97300879467298
2001-10-26,-66.90665749586451,9.090553207484032,7.672464386154747,-22.96590132518125
2001-10-27,-67.18805357971833,8.62820030362307,7.413831021106044,-22.41889709860805
2001-10-28,-64.86579538812728,10.003286446899024,6.130753510803394,-22.184414236411076
2001-10-29,-63.58372449432477,9.509776374479442,5.654532651527744,-20.951530788571798
2001-10-30,-62.635362757380975,9.570397497885773,5.940021290583736,-21.172823336505523
2001-10-31,-60.85154086042752,9.456785923219416,5.492899722595728,-21.54303939834584
2001-11-01,-61.28699147822412,9.50712663632625,6.800260031234877,-20.46474303095483
2001-11-02,-62.25250479941857,9.782611098817114,7.268438430022896,-20.76832217654525
2001-11-03,-63.14156505715338,8.19450529060572,8.62234990233377,-21.6459515591848
2001-11-04,-61.95703821576248,7.9022544863643285,8.391056260600601,-20.79113285858575
2001-11-05,-61.511054169392295,7.852310141649356,7.372318773725539,-21.33838259455766
2001-11-06,-61.77867816589961,6.517293775584574,5.79986705284271,-20.704690865170708
2001-11-07,-61.979458288252374,7.281950511039449,6.111900112976158,-20.32783858723125
2001-11-08,-62.52327156089115,8.253332948489685,3.7017073238341998,-19.736007802836827
2001-11-09,-63.08720026462234,7.174487543166788,4.925550371545984,-20.14329353726021
2001-11-10,-63.483918762461506,6.883997276703774,4.8268318678010385,-19.532262074766738
2001-11-11,-64.3733354876832,6.933129085258339,5.188063965093084,-20.519371472216697
2001-11-12,-65.55577285976543,7.895977108702284,5.796903594523081,-22.180899920653196
2001-11-13,-64.43921783553486,9.316806302897238,4.646250151019268,-22.82249003391555
2001-11-14,-64.59198206298689,9.616974083449604,4.764189804906071,-23.984541331656708
2001-11-15,-65.38313356321146,9.150355978158109,5.765031226961049,-25.57982054096208
2001-11-16,-64.56269613760168,9.917040854908182,6.251996011226341,-24.60644099225328
2001-11-17,-63.42235671789034,10.965739673881492,7.6966343819908065,-24.69461911572571
2001-11-18,-64.8971909424915,12.217475144381655,5.153304323305435,-24.390234127286575
2001-11-19,-64.512780543938,12.472312448135687,6.74115122063924,-25.216063577399147
2001-11-20,-63.44880588116631,12.183937491706493,5.6826498885121595,-25.019585041222783
2001-11-21,-63.683213245214745,11.297659242599634,8.021240985274597,-25.246675737037833
2001-11-22,-64.18683292969071,11.834221058928165,10.270772606795902,-24.626973047715484
2001-11-23,-65.4081267070557,10.635945873551371,10.636882568289796,-24.235010715429862
2001-11-24,-64.37898506671719,9.66027771836107,11.66607620657425,-23.68097668144251
2001-11-25,-64.70058125020472,12.606862667840133,11.459602191717936,-22.606182285197765
2001-11-26,-65.41283025989998,13.438855311587309,12.340944493774654,-23.893285057652065
2001-11-27,-67.15617040115504,13.815794920840354,11.980730803133405,-23.998896114886946
2001-11-28,-67.85869720253235,13.5035776094958,11.786977421937332,-24.49553084971282
2001-11-29,-68.85733664991743,11.260357417484318,11.950914499058397,-23.35625291888784
2001-11-30,-70.31531643439959,10.691166898743598,11.957817423093163,-22.67889838699751
2001-12-01,-70.19730341491672,9.907667862227926,14.893739595577822,-22.997718367463676
2001-12-02,-69.31174937494976,9.610808146658936,14.376060911002549,-23.60552658758103
2001-12-03,-70.66235063080204,9.500570297469562,14.503741318440639,-23.629733645748804
2001-12-04,-71.59964879315949,11.32902434198519,15.105501215281325,-25.253289254610173
2001-12-05,-70.66285013510237,11.941755044507016,15.978109688210553,-23.722422614709743
2001-12-06,-70.97602908074855,14.139744845015422,14.528573697092,-24.84766846249546
2001-12-07,-70.33186574473778,12.79562042237953,15.1034435372058,-26.140640279762465
2001-12-08,-70.26639459843072,11.328960044140512,15.519859602346388,-25.557644807154684
2001-12-09,-71.14350229180799,11.729803831135806,15.880318459968123,-23.680239012844453
2001-12-10,-70.77186792665182,12.707614338115167,15.629106205193182,-22.30884016396544
2001-12-11,-69.89940747075542,11.015975258789855,14.347057254011848,-22.812544699628255
2001-12-12,-70.81527483752039,11.377712496917603,12.800166609764222,-22.461812002246056
2001-12-13,-72.43129685740952,10.30761243566931,13.367870813647714,-22.762806681550902
2001-12-14,-72.29203262452579,11.603544029868843,13.997752455657453,-22.075173467859713
2001-12-15,-74.92151818442412,13.330962399644433,16.992036150834778,-23.922941438629273
2001-12-16,-75.10191401033012,12.652629059034613,17.66206745947803,-23.826586390519665
2001-12-17,-73.97427364305784,14.326904955508299,16.9081169832571,-21.524709438288227
2001-12-18,-76.71878052756219,13.816439479640486,17.871603164823945,-23.16117392392002
2001-12-19,-77.6728126495109,14.799637517425047,17.89090260774133,-21.330396772415618
2001-12-20,-76.84838931218438,13.662934440440022,16.869761104070086,-21.098679648354175
2001-12-21,-76.60145994352823,14.919762227045808,16.65314332558446,-21.0343708376737
2001-12-22,-76.42756124581318,14.58742831447627,16.966449541595274,-20.216120495973392
2001-12-23,-76.22417650220994,12.970281623609722,16.41337433963121,-19.559871383038804
2001-12-24,-76.65166390625082,13.615826785805801,15.721723384517137,-18.118574913710262
2001-12-25,-76.36945183383106,12.731118305997242,14.239313103796437,-17.397405640693627
2001-12-26,-77.43729715025927,13.027091165714078,14.239698278947404,-16.647962897592976
2001-12-27,-77.2427621079642,12.398231197337804,14.01708879340462,-16.638283545306077
2001-12-28,-76.71140628361992,11.380253762462152,14.534032555475902,-18.16878318424309
2001-12-29,-77.3332313843777,12.507119620261125,13.415535201752643,-19.35522741206478
2001-12-30,-76.91877377620635,13.176481884468052,12.326580452360846,-20.457262635906535
2001-12-31,-78.13733897196556,12.385926332574806,12.785640792636604,-20.11279092945755
2002-01-01,-79.29602394410301,12.075862810991094,12.352667557505695,-21.168069348930114
2002-01-02,-80.65123873856844,12.11737183037334,13.478661881252076,-20.590294031726128
2002-01-03,-78.74379119318822,11.833120201556211,13.202365066104777,-21.381152590302563
2002-01-04,-77.41598433810688,11.784345478901894,14.747283791203145,-21.85023404379367
2002-01-05,-78.1763262479715,11.642898087939265,16.595337399490823,-23.41048472894645
2002-01-06,-77.66814133699647,11.226197239833693,17.13818230885356,-24.210381410833577
2002-01-07,-77.25968374714715,10.825030906712445,17.698279652326487,-23.924123580242235
2002-01-08,-76.96380814731556,11.825896090913728,17.05070180324275,-25.33442835953393
2002-01-09,-77.70615145678288,11.830038329724403,17.422626863075433,-23.556991084826294
2002-01-10,-76.48230597054629,11.942802377051798,17.318183405241495,-24.181123917740283
2002-01-11,-74.00630796827922,11.732589929921584,15.800894974765963,-24.703122490211918
2002-01-12,-73.92968644813516,11.436999622370342,16.045227733596185,-23.349946063703268
2002-01-13,-74.38307211914932,10.878465313378456,15.420008537402913,-20.020012581532708
2002-01-14,-74.99735522662093,11.389594811520576,14.361302788270875,-20.16455103273394
2002-01-15,-73.93735001846623,10.691082722655086,13.415665478666803,-19.42428473476838
2002-01-16,-74.033129680543,10.956397256530975,13.427145539293909,-20.360451367669164
2002-01-17,-74.57464132981481,10.738103866998937,13.745367629696528,-22.728486440434516
2002-01-18,-75.35421990772946,10.495957877758181,13.753655214968969,-22.31716385716239
2002-01-19,-76.21895973447684,11.23021497216255,13.025379186832444,-22.93005600767426
2002-01-20,-78.5478751558027,12.181148094608902,14.259447474629347,-22.880923523801513
2002-01-21,-78.73681368360144,12.018314580299155,13.304660675811485,-21.18408218963979
2002-01-22,-78.1977982898084,13.20201373383916,12.11537671263942,-22.334112207542802
2002-01-23,-76.3549206561616,14.09715226225052,11.907509856416304,-22.938767959426464
2002-01-24,-75.40429654695252,14.234547278737391,11.722442345604906,-23.44045964343889
2002-01-25,-75.9395647049072,14.23314318482325,11.765489869724314,-22.9769431164001
2002-01-26,-75.02955954196574,12.451056697028019,11.385795346304215,-24.99291213520495
2002-01-27,-73.26351878275983,12.149876208689555,10.901359728295901,-24.69686912462389
2002-01-28,-72.76266287477496,13.020461213890101,11.080052737743966,-26.415848350339235
2002-01-29,-72.93998910751067,13.1202164568127,12.101436660480887,-26.609323223030685
2002-01-30,-70.76509877347033,14.290825884051955,12.375573997457597,-26.122462101044484
2002-01-31,-71.39189488100646,14.192416556881591,13.755347997400822,-27.645253724213635
2002-02-01,-72.79444996965807,14.86060114324353,13.11104241731288,-28.892477768541305
2002-02-02,-73.43731778792946,15.972522557250622,12.777209905303186,-28.10813474090069
2002-02-03,-74.09262301578006,14.473766426104856,11.742156815497161,-30.761190506423134
2002-02-04,-72.93236921620787,15.113907015806596,12.455238332084805,-30.82496490029779
2002-02-05,-74.77717419100311,13.910472462215983,11.426550716316333,-32.50431941214415
2002-02-06,-74.687764226078,14.423211984176811,11.270907319721362,-31.666077047869074
2002-02-07,-74.81540345381998,13.86645682899647,12.333767100472976,-32.453928033080125
2002-02-08,-75.56771027459197,12.222389891271607,12.539551114726224,-31.859374264844813
2002-02-09,-76.25856139161706,12.079074790850274,11.8434586672778,-32.233885022560145
2002-02-10,-76.30655425528157,12.714708482377032,12.444587382777186,-31.226867360591676
2002-02-11,-75.6707191694384,11.448695666172236,11.297287303309382,-30.513049796140276
2002-02-12,-76.27657779206378,12.792597246562167,11.198636947691497,-30.31896933522002
2002-02-13,-77.47644147162885,14.507443294436442,11.073242943145637,-29.407761029616793
2002-02-14,-78.77932458251176,13.907007929778157,10.450690166774962,-29.6198148775731
2002-02-15,-79.40389281238441,11.60755342815583,11.656896420036738,-29.07206574374533
2002-02-16,-79.05265214356282,11.112355019179152,10.618272136536904,-29.163851044106288
2002-02-17,-80.01432653224958,11.600076241257963,9.42693401391358,-27.82447604009062
2002-02-18,-81.09251483964736,12.121898810462056,9.408728461201205,-27.41680569030367
2002-02-19,-82.7058066387513,12.027021949907859,9.766529420812747,-27.090854515618258
2002-02-20,-81.33274715902196,10.785212482483699,10.107255953458651,-25.975111426716502
2002-02-21,-80.59537112550443,11.226025177652218,9.805229273046303,-27.441881109985328
2002-02-22,-80.8571383111903,11.72743060202727,10.291675448306052,-26.28151675331136
2002-02-23,-79.46401521419779,11.064071186713658,11.657817994310252,-26.255616901068105
2002-02-24,-80.36888656878813,9.06923099171413,11.252582398061126,-25.32550770859999
2002-02-25,-80.5555590546327,8.010855761620844,11.83789569562884,-25.40232748523841
2002-02-26,-80.6916064509641,7.175719383955714,11.35282041259525,-25.7001844822911
2002-02-27,-81.7866410042784,6.555270688365962,11.732295008520618,-26.54936069697021
2002-02-28,-80.25808680217582,6.754094427641851,12.87733410380301,-26.60322749188876
2002-03-01,-81.88952403382854,4.752462904071618,11.704918733309132,-27.169282860115903
2002-03-02,-81.42681886419365,5.556734545517925,12.569330627236493,-28.271287364236425
2002-03-03,-81.83472440851668,5.333955906139469,11.984545053300307,-27.494152530662664
2002-03-04,-81.32714803548726,3.2900959345275216,12.966199069817197,-26.956596725017377
2002-03-05,-79.13665740640295,2.505651338337916,12.793102301544378,-25.47895718149419
2002-03-06,-79.5498767779758,1.5680461644350503,12.956610829424488,-25.028401320365155
2002-03-07,-76.29687425854358,0.7800120087334117,13.41194686152801,-24.329692597282406
2002-03-08,-76.05226387869254,0.9754048229246409,14.555712699195375,-24.104245364706106
2002-03-09,-75.44989412808738,-0.7788548760939215,15.184892961100477,-23.658539250661974
2002-03-10,-75.98580008484791,-0.9978967072550904,14.977982978256902,-23.58281446621104
2002-03-11,-76.47057022755062,-1.520057318747208,14.637852890607373,-23.44431712549396
2002-03-12,-77.90496395741371,-1.2679643147677053,15.730444355238005,-22.360074221698717
2002-03-13,-77.89531539976187,-1.9820354819397958,15.71791890046309,-21.28620461134613
2002-03-14,-77.80576354209667,-1.1441132540964123,16.555183202122617,-22.146439755385455
2002-03-15,-76.83825286833664,-0.8680203677974285,15.762443187622257,-23.426363487867597
2002-03-16,-75.49324738285652,-0.644173456062897,15.140506840647872,-22.380086806086773
2002-03-17,-74.06038959272016,-0.6391836344485372,16.170764131998666,-22.094506783930083
2002-03-18,-73.84167836916515,-0.8346115472006419,16.41874327598685,-23.049470794207956
2002-03-19,-74.4450273858698,0.7304319873724714,16.473237045448805,-22.97564614498126
2002-03-20,-74.75369229866395,-0.28691225452849034,16.967035706589986,-22.444617455539884
2002-03-21,-74.28143009677383,0.25296969566726124,16.242537141507636,-22.991762017094963
2002-03-22,-72.82120911771662,-0.4862450101529655,16.80944834175072,-23.160204923068104
2002-03-23,-73.0280026882532,0.0764702178379435,17.86419672112049,-23.40442603738756
2002-03-24,-74.12701599061191,1.1227506545385548,18.159814847931536,-24.17199925910803
2002-03-25,-73.66770167788029,0.9745211796170391,18.89008889998689,-24.31745157186806
2002-03-26,-74.34129724380355,1.6541158570110026,19.800902786801494,-24.010811585059393
2002-03-27,-74.65589426690217,2.2597050755806167,19.770948511216826,-24.39710709505885
2002-03-28,-74.31811933343474,3.719526784618017,20.164651317842054,-25.02441347949977
2002-03-29,-74.63448745929539,3.3216970031485933,20.910134139833445,-26.42209416524025
2002-03-30,-74.57814347792659,3.413124540104697,21.96701285338068,-27.0827339817724
2002-03-31,-72.9669911577685,5.195197353848715,22.88017893774486,-25.947402523842467
2002-04-01,-72.95910864697989,5.654560108794131,23.623920944818934,-24.960038452347995
2002-04-02,-72.32334782538385,6.43719283070597,24.469144172873378,-25.272152598709688
2002-04-03,-71.79961435257131,7.020395491737489,23.280975497096875,-25.475806159175878
2002-04-04,-72.29918047018239,7.232587117061556,23.280370882279968,-26.730584138812805
2002-04-05,-72.38585357832554,6.948619832078936,21.32319727571213,-25.856726460231723
2002-04-06,-72.50090367258534,5.3756362872593995,20.841973403031655,-26.053063153343658
2002-04-07,-74.9763301568186,5.128515137169232,18.693648149446375,-27.247905435185576
2002-04-08,-74.46794442267326,4.6574413174857225,18.58063181423475,-27.8555544624738
2002-04-09,-75.51473494327817,5.876689507787106,18.723558378837467,-26.720302815450957
2002-04-10,-75.07404620508498,4.9511691890402965,19.231543184418566,-26.77003689545506
2002-04-11,-74.28287271752338,5.148491442865677,21.421955900913275,-27.157404053717382
2002-04-12,-74.83919046050413,6.003658501194893,23.134478612978192,-28.06282382132126
2002-04-13,-75.26862325885496,5.4494348764050295,21.783615255629417,-28.017262572114575
2002-04-14,-74.90053907996239,6.449986767605653,22.674353191277728,-28.47317645578544
2002-04-15,-76.57786318893139,7.028210473806682,22.075841295528196,-29.37850777944088
2002-04-16,-76.98611569274551,7.14337040541457,21.604208234038673,-30.4234764683856
2002-04-17,-76.72386263608871,6.068789660747521,21.257188932610756,-28.778256922539
2002-04-18,-75.72516387811113,6.272411571736654,21.00855890506816,-30.400495195587343
2002-04-19,-75.10249606742104,6.277473526537376,20.66454677628716,-29.518678917521797
2002-04-20,-75.39302451085062,6.157391936768375,18.833399890903888,-29.357053230462753
2002-04-21,-75.27870876620813,5.933127044851613,19.78272132013445,-28.481836742644752
2002-04-22,-74.1078026853117,4.779583303841041,18.281519246884162,-27.83859679158759
2002-04-23,-74.12699248061902,4.92908886152235,17.479880214424657,-27.642486242773796
2002-04-24,-72.7267550271379,4.547828648776525,15.939115232978828,-27.0311743706568
2002-04-25,-73.25305991267273,3.061018787392036,14.597577342932981,-28.369397462672016
2002-04-26,-73.15258578370215,2.183283784251271,12.200668365147312,-27.749373879843812
2002-04-27,-72.22320406699372,1.5436476955640897,10.756148555282724,-27.495547972131423
2002-04-28,-72.10165682913933,2.7600056295226674,10.992223735972061,-25.152210628482827
2002-04-29,-71.9016099889957,1.3096679016271522,10.451489572389008,-26.6961242680889
2002-04-30,-72.50429691211372,-0.8311376644568105,9.205123423814072,-26.44200147733947
2002-05-01,-74.85457304546485,-1.0933307771837013,8.768353447740983,-25.98275041438004
2002-05-02,-73.77014599478282,-0.7328037925460711,8.26392839080594,-25.173932173569852
2002-05-03,-75.44966600702323,0.5263634733092037,9.380689869394146,-24.78096956971833
2002-05-04,-74.89368502989291,1.437903142790756,9.239123277816581,-26.675602040019108
2002-05-05,-77.22441086523133,-0.9661393922130155,9.658522177849123,-26.968216293906128
2002-05-06,-78.29664539377643,-0.5598378976691762,11.472497881914045,-29.5500639863667
2002-05-07,-78.13780201385157,-0.6139241068989529,10.916713846722946,-30.775773188206934
2002-05-08,-76.88543503220096,-0.7783157328430107,9.746003744605389,-31.292657442894253
2002-05-09,-77.67339733404991,-0.33271713301805705,9.114420767874773,-30.20772078952914
2002-05-10,-78.9098483788485,-0.29700573123240137,8.225717318937006,-30.939197789953187
2002-05-11,-78.65341327222963,1.067954701536359,8.599792067934622,-30.852479025742316
2002-05-12,-78.3341962133147,1.7978855439503474,8.839750055683,-30.575658731411824
2002-05-13,-78.4557940188321,1.9465293526191827,9.714808403822865,-32.225982071867485
2002-05-14,-77.66446455050722,1.0288196445041131,9.86831668277664,-31.583957767614237
2002-05-15,-77.81373956363059,2.2509390344870415,9.786420083193692,-29.865288553752272
2002-05-16,-77.9909307122736,2.0523203133158514,9.814824212447233,-29.333352131984906
2002-05-17,-78.00318637672645,2.101082551167914,10.705310781850462,-31.406458695302074
2002-05-18,-78.33381170716633,0.5706094367905494,10.532308999844417,-32.11993326175537
2002-05-19,-77.30853348829503,-0.07340623457168349,11.630304568692607,-32.28174411005354
2002-05-20,-78.16853084042177,-0.3831661859903149,13.517547656731155,-30.92181230921355
2002-05-21,-78.13231684008738,-0.5092034005636791,13.951687847720102,-30.220741909457203
2002-05-22,-77.2377229278947,-0.8876265658655331,15.898443784211242,-30.83662016733441
2002-05-23,-77.68467597667984,0.8073878330274071,15.160206969190739,-31.082260743393878
2002-05-24,-78.48037711641337,0.9196442894623778,16.158329080684688,-30.30824957266463
2002-05-25,-78.63620834468063,0.5644385189427803,15.269010837093624,-31.31759053405765
2002-05-26,-80.32585787519855,0.11657484045988603,16.171778480415693,-32.14376338505544
2002-05-27,-81.25586693147041,-0.8946135163175917,16.44098211386414,-32.11993360859469
2002-05-28,-79.86801338522156,-3.03604089866616,15.304717741198044,-33.93037214455074
2002-05-29,-79.53316783428303,-3.1648120448671175,13.864115987274282,-35.475696583124105
2002-05-30,-78.02246961050565,-3.076891069206591,15.321715345203465,-36.14562140232077
2002-05-31,-77.59784259246277,-2.770784039738881,16.202294909954812,-37.59847665361532
2002-06-01,-79.33950080251518,-5.045669951041408,16.88567551105138,-38.23265261252106
2002-06-02,-79.38603227776008,-3.335981499390377,15.992191223325214,-37.49385222387389
2002-06-03,-79.6562490692886,-3.0657980255041846,16.067388156713708,-39.167533392442905
2002-06-04,-79.51079773126276,-4.071509197198291,16.864073769333892,-39.40170342720289
2002-06-05,-80.9567333028525,-2.6859177981404656,18.27433992941193,-39.245035571795846
2002-06-06,-82.52883276545889,-2.6447438694157994,17.5057565856857,-40.09957480171568
2002-06-07,-83.83549506711964,-3.398393006207893,17.469014188253194,-39.03058644378161
2002-06-08,-83.17129776793794,-3.5453896112942473,16.58996015059138,-38.921454887240756
2002-06-09,-85.41634215038533,-2.9808839270829157,16.384155250124387,-39.23198269872749
2002-06-10,-83.8679194778479,-2.0915561485588685,14.728433361935618,-39.33254556918749
2002-06-11,-84.96219702459315,-3.175787817153485,14.054914267093386,-39.36071067532546
2002-06-12,-84.20404337757556,-4.145083094762286,16.519860936660102,-41.395837299578176
2002-06-13,-84.45693162273076,-2.6057675724248495,15.476165394437238,-41.510570107649855
2002-06-14,-85.89710044316892,-3.3011118349226836,13.7903677713904,-43.61768321903807
2002-06-15,-85.82408491442223,-5.278223366827539,14.162424508329387,-41.742077518369626
2002-06-16,-86.47877631939234,-5.56973032801985,13.740215716311866,-42.66940347841281
2002-06-17,-87.54322707831237,-6.009790504750189,13.20381384319846,-43.29028581443223
2002-06-18,-86.82235178030301,-6.455687865213467,13.146929874208613,-42.250450535967175
2002-06-19,-88.11550600300282,-6.0595015848152896,14.424456136945187,-42.696105372722734
2002-06-20,-89.68803772984204,-5.510043637565606,15.155023948691172,-42.69934882366716
2002-06-21,-89.4101852818465,-4.007000808666323,15.539757212942419,-40.68066614890423
2002-06-22,-88.06751657445304,-1.580245425981862,16.00401797913958,-40.77742547220733
2002-06-23,-86.61694390305954,-1.3707542036568958,16.86504898254613,-40.35993961863266
2002-06-24,-87.6710980944245,0.060708976389002745,16.952301975231865,-39.8801995403114
2002-06-25,-87.02767596178009,0.4346370736681481,16.98488449087088,-40.915625633612244
2002-06-26,-86.39963000781643,0.6304754578054397,16.81566515645794,-41.03808331836355
2002-06-27,-86.1903000699042,1.1995381349967096,16.405805579450938,-43.27056342645547
2002-06-28,-86.03370261904003,0.8099994071834697,15.742315664874438,-41.39963047352855
2002-06-29,-87.23247874661233,-0.4951609034983788,15.909506054488645,-41.93504029362164
2002-06-30,-86.72277164822921,-1.2095297845722874,15.659606614997186,-42.338062042534965
2002-07-01,-87.06887617449962,-0.5522481121423254,17.39775878952439,-41.42197734022656
2002-07-02,-86.00748500720785,-0.09504090898177459,16.157922523588095,-41.10387208548697
2002-07-03,-87.50932611786548,-0.8065167332064922,15.128411126410507,-38.76115735228973
2002-07-04,-88.01898987808097,-1.926925701644661,13.215807408882773,-40.98688093551358
2002-07-05,-85.57352021937434,-1.1267636843897368,12.920927718210933,-39.62338768417445
2002-07-06,-85.50167056609645,-2.5682770781103184,12.557109318361142,-39.592609372852365
2002-07-07,-85.49221249559426,-2.617833368258992,12.917798578757925,-38.16580655670227
2002-07-08,-84.8002509886609,-1.5922468025414407,13.106647895395213,-37.7406294861956
2002-07-09,-82.82192577071459,-1.8944205854419498,13.650620417087119,-37.64417004932088
2002-07-10,-82.39972137629418,-2.8422418490744596,13.948066595294605,-38.24497254105231
2002-07-11,-81.76658019424599,-3.1846493642615052,13.816421552998513,-39.81029187285919
2002-07-12,-82.75082437185222,-5.294764106234613,14.07131222818747,-39.22622800925549
2002-07-13,-82.7626591623124,-7.879688307334755,13.886921181907294,-39.537667293876886
2002-07-14,-84.53921209221859,-6.44496129534141,11.782483353193012,-39.93143879210782
2002-07-15,-84.84112388431492,-7.670325053502068,10.670407278732664,-39.88531212042593
2002-07-16,-82.74548393855609,-7.938907053037663,10.301905662986698,-39.83657578740418
2002-07-17,-81.50649649140657,-7.988222787128148,11.505124691509543,-40.928771806284246
2002-07-18,-81.3074113737641,-8.527802205735837,12.067505177455871,-40.147577802902376
2002-07-19,-80.99195369490194,-9.275471024742892,12.145266216911875,-39.41270526836382
2002-07-20,-82.36433459094475,-9.477651746341191,12.921665694295024,-40.88683664714627
2002-07-21,-82.38797507417809,-9.535885126960352,9.264967346395622,-41.226521499787516
2002-07-22,-82.3758079191299,-10.035029514736824,9.39333652893698,-42.3791910925668
2002-07-23,-83.31578635612648,-10.405997461470712,9.049938608645075,-42.5413634539638
2002-07-24,-82.27456500126723,-10.22196993341566,7.28380337492402,-42.7619687199549
2002-07-25,-81.92710257727931,-9.132559523877335,5.949948691608217,-43.30246724068451
2002-07-26,-81.46629847337377,-7.636571362941396,4.732189031588746,-42.62729562009308
2002-07-27,-80.26645996499394,-7.616205143748221,4.717783236530098,-43.35678392216502
2002-07-28,-80.33273961540512,-8.24287826839452,3.2846444817663816,-42.29270742147644
2002-07-29,-80.2888586926936,-8.612869919403463,3.5700350303619186,-43.34221196832541
2002-07-30,-81.5684167496528,-9.180792778156722,4.507418548000803,-43.3791302794633
2002-07-31,-81.59997273216378,-10.204996999175489,4.484977456032092,-44.90998593694527
2002-08-01,-81.63170719544202,-9.59947769007938,3.981353865453893,-45.39793587098829
2002-08-02,-83.14402312538154,-9.336632438637373,3.2301510384131413,-47.01819936493736
2002-08-03,-84.27396446407636,-10.129570358579326,3.972976762680467,-45.93850140591955
2002-08-04,-85.54473271959398,-9.72225804977333,3.8090468967421107,-45.7654036544234
2002-08-05,-86.38657974744781,-8.428397827400069,4.287761860751784,-44.37010011122406
2002-08-06,-87.17169856339933,-9.495607782618404,4.656471716849888,-44.3884036690465
2002-08-07,-87.79825633172877,-9.71264699687519,4.562259737577202,-43.943960263429844
2002-08-08,-88.04255174248506,-8.974047674030487,4.179237411695931,-42.270325337091116
2002-08-09,-89.42741159624092,-7.6515990759930155,5.4269639734221835,-42.66249786568638
2002-08-10,-89.51615308533566,-7.151286365392152,6.594543570660705,-41.10691141350064
2002-08-11,-90.20888435083138,-6.607966985585119,6.9645565226022015,-41.298307969348514
2002-08-12,-91.51582252084785,-6.910265600777427,8.575305174349543,-40.31838568600266
2002-08-13,-93.12687499931414,-6.084336235975446,8.949129950753253,-39.787486236512976
2002-08-14,-93.50231157465112,-4.841675421345697,9.298924748421067,-39.02206445816705
2002-08-15,-92.57070360473415,-4.223220613055011,10.368444616147181,-40.53722191401529
2002-08-16,-92.57049800589539,-5.006618014390538,9.958405454119772,-40.97998562312819
2002-08-17,-92.80475884218264,-4.455179230909343,8.491088034630806,-39.94474740040308
2002-08-18,-91.22195086380489,-3.847443366026794,8.736483222259151,-40.72324819495549
2002-08-19,-91.04234365090264,-4.3116561648956395,9.036134662283985,-41.96814674870188
2002-08-20,-90.7745698413016,-3.1458074953651716,8.623045081402374,-39.52420350550794
2002-08-21,-88.96304079595903,-4.405615766462224,8.099969317592764,-39.82906281562365
2002-08-22,-88.24728108351532,-4.8371540697192605,6.7479649309645895,-41.22319887982145
2002-08-23,-88.73980832181414,-5.997963736320008,5.368672653646424,-39.58441534967685
2002-08-24,-88.77769632904521,-6.946679780249876,4.52570276979739,-39.60188743227799
2002-08-25,-89.02800490214834,-6.907910188006009,5.161542767759801,-40.49815246051403
2002-08-26,-89.58992544666033,-7.391099586214035,5.3507236501587965,-39.487855478972456
2002-08-27,-90.24963988250718,-5.331944731842494,5.072059089696497,-41.2022256746538
2002-08-28,-90.1762252635116,-5.538701645113461,3.841813961573527,-41.67092130714031
2002-08-29,-88.20475946124832,-7.293502107129639,5.714789116515364,-42.95625331129797
2002-08-30,-86.73065290987644,-7.242629516161269,6.082787576544882,-41.95834825339263
2002-08-31,-86.28046386443799,-7.26973623124749,4.979781259079362,-41.718208439106625
2002-09-01,-85.68070296901682,-8.288212399665017,4.74329135460524,-41.2184524662082
2002-09-02,-86.64782619998559,-7.742753671916863,4.824857481777691,-41.6722667419489
2002-09-03,-85.84099802508393,-7.180006417562078,5.795185662032133,-43.38053463695027
2002-09-04,-85.13447443227008,-7.104765256259239,7.3146896415588945,-42.34363011735327
2002-09-05,-85.33644405854103,-6.934278355278373,7.942481157123128,-43.207591698600766
2002-09-06,-86.26507434519758,-5.316105329980049,7.763845317457894,-42.4224181874503
2002-09-07,-87.61031942970799,-4.4303530481020275,8.433228590923308,-41.960150400366416
2002-09-08,-86.6963331787599,-5.435049944074766,8.227412008683457,-41.29048265126649
2002-09-09,-89.09802108505978,-6.860909717027772,7.682103755965972,-41.88297839510758
2002-09-10,-86.6630739843557,-6.249960122792309,7.96354837245087,-41.80118972029889
2002-09-11,-85.73205235362519,-5.666705606639097,6.812588023568624,-41.88497848758636
2002-09-12,-85.61921511397729,-4.875518572693682,7.111876572145573,-40.38486149445039
2002-09-13,-87.67918015815643,-5.143610404839858,7.15709230526189,-38.21634206298782
2002-09-14,-88.09324847382638,-5.527138366289412,8.56528037564837,-39.331236980494616
2002-09-15,-86.58640161633056,-6.016645069255364,8.665119230442121,-41.412080951327134
2002-09-16,-86.29107754792406,-6.417364427696227,8.488422296994003,-42.106640371945765
2002-09-17,-87.64642815960366,-5.584395949007488,7.071588397837598,-40.98517758191649
2002-09-18,-86.78338018896703,-4.908172873862753,7.681175355598459,-42.27482064906421
2002-09-19,-83.80720451811654,-4.8116850402896745,7.984864579535756,-43.55118991676592
2002-09-20,-81.9768240248105,-5.7999123990183525,7.31868452932638,-44.323649925822195
2002-09-21,-82.72104043236487,-6.230207127354459,7.212066598605669,-43.61401788359445
2002-09-22,-81.24343462093465,-4.52529965770963,5.8897560003922935,-45.512702007481955
2002-09-23,-82.95285090249247,-4.518403294585785,6.473725121943522,-45.24866419754832
2002-09-24,-82.63922932764937,-4.214626066461268,6.250955663487872,-46.41317603265342
2002-09-25,-82.92200280225299,-4.426166183709033,5.201128451113812,-46.47271123977366
2002-09-26,-81.3435375668508,-4.197834600950252,4.421416611844693,-46.72863117271271
